name,busmap
1282,AL1 0
1286,AL1 0
2194,AL1 0
2153,AL1 0
2154,AL1 0
2155,AL1 0
2185,AL1 0
2186,AL1 0
2190,AL1 0
2193,AL1 0
2195,AL1 0
2197,AL1 0
2198,AL1 0
2200,AL1 0
8311,AL1 0
7801,AL1 0
8793,AL1 0
8430,AL1 0
8714,AL1 0
3274,AT1 0
3387,AT1 0
3399,AT1 0
3401,AT1 0
3405,AT1 0
3408,AT1 0
3435,AT1 0
3456,AT1 0
3458,AT1 0
3461,AT1 0
3463,AT1 0
3464,AT1 0
3465,AT1 0
3466,AT1 0
3468,AT1 0
3471,AT1 0
3474,AT1 0
3476,AT1 0
3477,AT1 0
3478,AT1 0
3479,AT1 0
3480,AT1 0
3483,AT1 0
3786,AT1 0
3787,AT1 0
3791,AT1 0
3811,AT1 0
3813,AT1 0
8243,AT1 0
7758,AT1 0
8552,AT1 0
8148,AT1 0
8598,AT1 0
8763,AT1 0
8736,AT1 0
8577,AT1 0
8398,AT1 0
7757,AT1 0
8510,AT1 0
2087,BA1 0
2089,BA1 0
2090,BA1 0
2095,BA1 0
2096,BA1 0
2097,BA1 0
2098,BA1 0
2099,BA1 0
2100,BA1 0
2102,BA1 0
2104,BA1 0
2105,BA1 0
2108,BA1 0
2110,BA1 0
2111,BA1 0
2118,BA1 0
2122,BA1 0
2140,BA1 0
2272,BA1 0
7201,BA1 0
7200,BA1 0
8522,BA1 0
7421,BE1 0
7422,BE1 0
4686,BE1 0
4781,BE1 0
4783,BE1 0
4784,BE1 0
4785,BE1 0
4786,BE1 0
4788,BE1 0
4790,BE1 0
4801,BE1 0
4803,BE1 0
5065,BE1 0
5066,BE1 0
5069,BE1 0
5070,BE1 0
5071,BE1 0
5073,BE1 0
5075,BE1 0
5081,BE1 0
5082,BE1 0
5084,BE1 0
5085,BE1 0
5096,BE1 0
5097,BE1 0
5098,BE1 0
5099,BE1 0
5100,BE1 0
5102,BE1 0
5107,BE1 0
5108,BE1 0
5153,BE1 0
5164,BE1 0
5165,BE1 0
5166,BE1 0
5168,BE1 0
5169,BE1 0
7467,BE1 0
8710,BE1 0
8632,BE1 0
7953,BE1 0
7323,BE1 0
8149,BE1 0
7952,BE1 0
8295,BE1 0
1992,BG1 0
1994,BG1 0
2006,BG1 0
2008,BG1 0
2010,BG1 0
2012,BG1 0
2013,BG1 0
2014,BG1 0
2015,BG1 0
2016,BG1 0
2018,BG1 0
2020,BG1 0
2021,BG1 0
2022,BG1 0
2027,BG1 0
2028,BG1 0
2031,BG1 0
2033,BG1 0
2052,BG1 0
2059,BG1 0
2061,BG1 0
2063,BG1 0
2065,BG1 0
2069,BG1 0
2072,BG1 0
2076,BG1 0
7098,BG1 0
7036,BG1 0
8505,BG1 0
8698,BG1 0
7097,BG1 0
7759,BG1 0
3586,CH1 0
3589,CH1 0
3590,CH1 0
3591,CH1 0
3594,CH1 0
3603,CH1 0
3605,CH1 0
3606,CH1 0
3608,CH1 0
3610,CH1 0
3612,CH1 0
3613,CH1 0
3617,CH1 0
3619,CH1 0
3621,CH1 0
3623,CH1 0
3624,CH1 0
3626,CH1 0
3633,CH1 0
3634,CH1 0
3636,CH1 0
3642,CH1 0
3643,CH1 0
3647,CH1 0
3650,CH1 0
3682,CH1 0
3697,CH1 0
3698,CH1 0
3699,CH1 0
3702,CH1 0
3703,CH1 0
3705,CH1 0
3707,CH1 0
3708,CH1 0
3712,CH1 0
3713,CH1 0
3714,CH1 0
3715,CH1 0
3717,CH1 0
3719,CH1 0
3761,CH1 0
3762,CH1 0
3764,CH1 0
3765,CH1 0
3767,CH1 0
3768,CH1 0
3769,CH1 0
3770,CH1 0
3772,CH1 0
3774,CH1 0
3775,CH1 0
3777,CH1 0
3781,CH1 0
3785,CH1 0
3815,CH1 0
3818,CH1 0
3821,CH1 0
3823,CH1 0
3824,CH1 0
3825,CH1 0
3826,CH1 0
3827,CH1 0
3828,CH1 0
3830,CH1 0
3831,CH1 0
3835,CH1 0
3837,CH1 0
3838,CH1 0
3839,CH1 0
3841,CH1 0
3843,CH1 0
3844,CH1 0
3847,CH1 0
3849,CH1 0
3854,CH1 0
3893,CH1 0
3895,CH1 0
7022,CH1 0
7711,CH1 0
8174,CH1 0
7099,CH1 0
7805,CH1 0
8299,CH1 0
7289,CH1 0
7416,CH1 0
8663,CH1 0
8113,CH1 0
7803,CH1 0
7629,CH1 0
8562,CH1 0
8301,CH1 0
8836,CH1 0
8267,CH1 0
8358,CH1 0
7423,CH1 0
8441,CH1 0
7296,CH1 0
7417,CH1 0
8111,CH1 0
8452,CH1 0
7294,CH1 0
8731,CH1 0
8293,CH1 0
8112,CH1 0
7291,CH1 0
7203,CH1 0
8525,CH1 0
4467,CZ1 0
4470,CZ1 0
4472,CZ1 0
4497,CZ1 0
4498,CZ1 0
4499,CZ1 0
4601,CZ1 0
4604,CZ1 0
4610,CZ1 0
4613,CZ1 0
4614,CZ1 0
4616,CZ1 0
4617,CZ1 0
4618,CZ1 0
4646,CZ1 0
4650,CZ1 0
4652,CZ1 0
4654,CZ1 0
4656,CZ1 0
4657,CZ1 0
4662,CZ1 0
4663,CZ1 0
4664,CZ1 0
4669,CZ1 0
4672,CZ1 0
4673,CZ1 0
4675,CZ1 0
4676,CZ1 0
4678,CZ1 0
7370,CZ1 0
7806,CZ1 0
8372,CZ1 0
7366,CZ1 0
7913,CZ1 0
7712,CZ1 0
7371,CZ1 0
8120,CZ1 0
7325,CZ1 0
7324,CZ1 0
8300,CZ1 0
8660,CZ1 0
7912,CZ1 0
7367,CZ1 0
8410,CZ1 0
7368,CZ1 0
7702,CZ1 0
8835,CZ1 0
7872,CZ1 0
7369,CZ1 0
8513,DE1 5
8828,DE1 7
8807,DE1 4
7208,DE1 5
3371,DE1 8
3372,DE1 8
3373,DE1 8
3374,DE1 8
3375,DE1 8
3378,DE1 8
3379,DE1 8
3380,DE1 8
3381,DE1 8
3391,DE1 8
3394,DE1 8
3396,DE1 8
3397,DE1 8
3566,DE1 2
3571,DE1 2
3572,DE1 2
3573,DE1 2
3598,DE1 2
3600,DE1 2
3602,DE1 2
7808,DE1 5
3741,DE1 2
3743,DE1 2
3745,DE1 2
3747,DE1 2
3748,DE1 2
3749,DE1 2
3750,DE1 2
3751,DE1 2
3752,DE1 2
3754,DE1 2
3755,DE1 2
3778,DE1 2
3779,DE1 2
3792,DE1 1
3793,DE1 8
3794,DE1 8
3796,DE1 2
3798,DE1 2
3799,DE1 8
3803,DE1 8
3804,DE1 8
3806,DE1 8
7460,DE1 7
4548,DE1 4
4553,DE1 4
4554,DE1 4
4557,DE1 4
4559,DE1 4
4562,DE1 4
4565,DE1 6
4566,DE1 6
4567,DE1 6
4568,DE1 6
4571,DE1 4
4573,DE1 4
4577,DE1 6
4584,DE1 4
4585,DE1 4
4589,DE1 1
4590,DE1 8
4592,DE1 8
4620,DE1 6
4625,DE1 6
4626,DE1 6
4627,DE1 6
4629,DE1 6
4666,DE1 0
4685,DE1 0
4691,DE1 0
4693,DE1 0
4695,DE1 0
4697,DE1 0
4698,DE1 0
4700,DE1 0
4701,DE1 0
4703,DE1 0
4705,DE1 0
4709,DE1 0
4710,DE1 0
4713,DE1 0
4715,DE1 0
4716,DE1 0
4717,DE1 0
4719,DE1 0
4720,DE1 0
4722,DE1 0
4723,DE1 7
4724,DE1 7
4728,DE1 0
4730,DE1 7
4731,DE1 0
4733,DE1 0
4736,DE1 7
4738,DE1 7
4740,DE1 7
4742,DE1 7
4744,DE1 7
4746,DE1 7
4748,DE1 7
4749,DE1 7
4750,DE1 0
4752,DE1 0
4754,DE1 0
4755,DE1 0
4757,DE1 0
4759,DE1 0
4761,DE1 0
4763,DE1 0
4765,DE1 0
4766,DE1 0
4768,DE1 0
4773,DE1 0
4775,DE1 0
4777,DE1 0
4778,DE1 7
4779,DE1 5
4793,DE1 0
4795,DE1 0
4796,DE1 0
4798,DE1 0
4800,DE1 0
4831,DE1 0
4832,DE1 0
4834,DE1 0
4836,DE1 5
4841,DE1 0
4845,DE1 0
4846,DE1 0
4847,DE1 0
4848,DE1 5
4849,DE1 5
4850,DE1 5
4852,DE1 5
4853,DE1 5
4854,DE1 5
4859,DE1 5
4861,DE1 5
4863,DE1 7
4864,DE1 7
4865,DE1 7
4867,DE1 7
4869,DE1 7
4870,DE1 7
4871,DE1 7
4876,DE1 7
4877,DE1 7
4883,DE1 1
4884,DE1 5
4885,DE1 1
4886,DE1 3
4887,DE1 3
4888,DE1 3
4890,DE1 3
4891,DE1 3
4892,DE1 3
4893,DE1 3
4896,DE1 3
4898,DE1 3
4900,DE1 4
4901,DE1 5
4902,DE1 5
4905,DE1 5
4907,DE1 5
4909,DE1 5
4911,DE1 5
4913,DE1 5
4915,DE1 1
4917,DE1 5
4918,DE1 5
4920,DE1 5
4923,DE1 5
4924,DE1 5
4925,DE1 5
4930,DE1 5
4931,DE1 5
4932,DE1 5
4937,DE1 5
4938,DE1 5
4941,DE1 1
4942,DE1 1
4944,DE1 1
4945,DE1 1
4946,DE1 1
4947,DE1 1
4948,DE1 1
4949,DE1 1
5622,DE1 6
8297,DE1 6
5678,DE1 6
5679,DE1 3
5685,DE1 6
5687,DE1 6
5689,DE1 4
5691,DE1 6
5693,DE1 6
5695,DE1 6
5696,DE1 6
5699,DE1 6
5701,DE1 6
5703,DE1 6
5704,DE1 6
5706,DE1 6
5709,DE1 6
5711,DE1 6
5715,DE1 6
5722,DE1 6
5769,DE1 7
5780,DE1 7
5783,DE1 7
5784,DE1 7
5786,DE1 7
5787,DE1 7
5789,DE1 7
5792,DE1 7
5793,DE1 7
5796,DE1 7
5827,DE1 3
5830,DE1 3
5833,DE1 3
5853,DE1 3
5856,DE1 3
5858,DE1 3
5860,DE1 3
5861,DE1 3
5863,DE1 3
5864,DE1 3
5865,DE1 3
5867,DE1 7
5870,DE1 3
5871,DE1 7
5873,DE1 3
5875,DE1 3
5878,DE1 3
5879,DE1 3
5880,DE1 3
5882,DE1 3
5883,DE1 3
5886,DE1 3
5887,DE1 3
8581,DE1 0
7023,DE1 0
7074,DE1 3
8847,DE1 2
7476,DE1 6
8351,DE1 1
7889,DE1 5
7633,DE1 3
7895,DE1 5
7897,DE1 5
8175,DE1 2
8225,DE1 6
8115,DE1 3
8041,DE1 6
8588,DE1 6
8725,DE1 5
7330,DE1 7
8116,DE1 7
7635,DE1 1
8707,DE1 7
7914,DE1 8
8745,DE1 6
7631,DE1 3
7630,DE1 3
7319,DE1 8
8599,DE1 5
8616,DE1 0
8310,DE1 0
8309,DE1 0
8168,DE1 0
7888,DE1 0
7373,DE1 4
7901,DE1 2
8028,DE1 5
8039,DE1 6
8042,DE1 3
7318,DE1 3
8181,DE1 0
7812,DE1 7
7328,DE1 0
7903,DE1 7
8752,DE1 4
8151,DE1 5
7713,DE1 2
7947,DE1 2
8596,DE1 5
8121,DE1 7
7810,DE1 5
7474,DE1 6
7374,DE1 3
8291,DE1 0
8414,DE1 5
8480,DE1 7
8806,DE1 4
8832,DE1 7
8357,DE1 0
7420,DE1 5
8117,DE1 7
8685,DE1 5
8653,DE1 5
7363,DE1 5
7362,DE1 5
8101,DE1 1
8496,DE1 7
8470,DE1 8
8128,DE1 8
7424,DE1 7
7756,DE1 8
7703,DE1 2
7327,DE1 0
7375,DE1 3
7900,DE1 8
7949,DE1 2
7321,DE1 7
7320,DE1 7
8038,DE1 6
8490,DE1 2
7898,DE1 1
8443,DE1 8
7419,DE1 7
8102,DE1 1
7315,DE1 5
8099,DE1 4
7871,DE1 5
8312,DE1 0
7902,DE1 4
7459,DE1 5
7761,DE1 0
7329,DE1 7
8848,DE1 3
8842,DE1 0
7322,DE1 1
7468,DE1 2
7677,DE1 5
8791,DE1 5
8593,DE1 2
7636,DE1 7
7326,DE1 2
8728,DE1 0
8863,DE1 7
8040,DE1 6
8391,DE1 2
7623,DE1 1
8834,DE1 6
8100,DE1 6
8737,DE1 6
8331,DE1 0
7317,DE1 0
7316,DE1 0
8610,DE1 7
7372,DE1 2
5803,DK1 0
5805,DK1 0
5815,DK1 0
5822,DK1 0
5836,DK1 0
5842,DK1 0
5847,DK1 0
8567,DK1 0
6385,DK1 0
6398,DK1 0
6402,DK1 0
6410,DK1 0
6416,DK1 0
6425,DK1 0
6434,DK1 0
7333,DK1 0
7332,DK1 0
5624,DK2 0
5642,DK2 0
5646,DK2 0
5657,DK2 0
5676,DK2 0
6324,DK2 0
7429,DK2 0
7613,DK2 0
6272,EE6 0
6273,EE6 0
6287,EE6 0
6291,EE6 0
6558,EE6 0
6560,EE6 0
6564,EE6 0
6565,EE6 0
6566,EE6 0
6574,EE6 0
6577,EE6 0
6578,EE6 0
6579,EE6 0
7698,EE6 0
7928,ES1 1
927,ES1 2
929,ES1 2
1004,ES1 2
1005,ES1 2
1006,ES1 2
1007,ES1 2
8172,ES1 0
7397,ES1 1
7927,ES1 0
1407,ES1 0
1408,ES1 0
1409,ES1 0
1452,ES1 3
1453,ES1 3
1454,ES1 3
1455,ES1 1
1456,ES1 1
1458,ES1 1
1460,ES1 1
1461,ES1 1
1463,ES1 1
1464,ES1 1
1465,ES1 1
1467,ES1 1
1469,ES1 2
1473,ES1 1
1475,ES1 1
1477,ES1 1
1479,ES1 1
1480,ES1 1
1481,ES1 1
1482,ES1 1
1483,ES1 1
1484,ES1 1
1485,ES1 1
1486,ES1 1
1488,ES1 1
1489,ES1 1
1490,ES1 1
1491,ES1 1
1492,ES1 1
1493,ES1 1
1494,ES1 1
1495,ES1 1
1496,ES1 1
1497,ES1 1
1498,ES1 1
1499,ES1 1
1500,ES1 1
1501,ES1 1
1502,ES1 1
1503,ES1 1
1507,ES1 1
1509,ES1 1
1513,ES1 1
1517,ES1 1
1519,ES1 2
1526,ES1 1
1527,ES1 1
1528,ES1 1
1532,ES1 2
1535,ES1 2
1539,ES1 2
1541,ES1 2
1546,ES1 2
1548,ES1 2
1549,ES1 2
1553,ES1 2
1555,ES1 2
8328,ES1 3
1556,ES1 2
1557,ES1 2
1558,ES1 2
1560,ES1 2
1563,ES1 2
1566,ES1 2
1570,ES1 2
1571,ES1 2
1572,ES1 2
1574,ES1 2
1578,ES1 2
1579,ES1 1
1580,ES1 1
1582,ES1 1
1584,ES1 1
1587,ES1 1
1588,ES1 1
1589,ES1 1
1592,ES1 1
1594,ES1 1
1596,ES1 1
1597,ES1 1
1601,ES1 0
1602,ES1 0
1603,ES1 0
1604,ES1 0
1606,ES1 0
1607,ES1 0
1609,ES1 0
1612,ES1 0
1616,ES1 0
1619,ES1 0
1621,ES1 0
1623,ES1 0
1624,ES1 0
1626,ES1 0
1627,ES1 0
1629,ES1 0
1631,ES1 0
1635,ES1 0
1636,ES1 0
1638,ES1 0
1641,ES1 0
1642,ES1 0
1644,ES1 0
1646,ES1 0
1648,ES1 0
1650,ES1 0
1652,ES1 0
1653,ES1 0
1657,ES1 2
1658,ES1 0
1659,ES1 2
1660,ES1 0
1663,ES1 0
1665,ES1 0
1666,ES1 0
1667,ES1 0
1671,ES1 0
1672,ES1 0
1676,ES1 0
1678,ES1 0
1679,ES1 0
1680,ES1 0
1684,ES1 0
1689,ES1 0
1691,ES1 0
1770,ES1 3
1758,ES1 3
1760,ES1 3
1767,ES1 3
1769,ES1 3
1771,ES1 2
1773,ES1 2
1774,ES1 2
1775,ES1 3
1777,ES1 3
1778,ES1 3
1789,ES1 2
1791,ES1 2
1793,ES1 2
1795,ES1 2
1797,ES1 2
1798,ES1 2
1799,ES1 2
1800,ES1 2
1803,ES1 2
1804,ES1 2
1805,ES1 2
1808,ES1 2
1809,ES1 2
1811,ES1 2
1812,ES1 2
1815,ES1 2
1816,ES1 2
1817,ES1 2
7818,ES1 2
8184,ES1 1
7820,ES1 0
2434,ES1 0
2436,ES1 0
2437,ES1 0
2438,ES1 0
2443,ES1 0
2444,ES1 0
2445,ES1 0
2447,ES1 0
2450,ES1 0
2453,ES1 0
2456,ES1 0
2458,ES1 0
2461,ES1 0
2464,ES1 0
2466,ES1 0
2467,ES1 0
2474,ES1 0
2482,ES1 0
2486,ES1 0
2489,ES1 0
2490,ES1 0
2492,ES1 0
2493,ES1 0
2496,ES1 0
2497,ES1 0
2499,ES1 0
2585,ES1 0
2587,ES1 0
2589,ES1 0
2590,ES1 0
2594,ES1 3
2595,ES1 3
2597,ES1 1
2598,ES1 1
2600,ES1 1
2602,ES1 1
2605,ES1 1
2609,ES1 1
2611,ES1 1
2612,ES1 1
2614,ES1 1
2616,ES1 1
2617,ES1 1
2621,ES1 1
2622,ES1 1
2624,ES1 1
2625,ES1 1
2628,ES1 1
2629,ES1 3
2630,ES1 1
2631,ES1 1
2633,ES1 1
2634,ES1 1
2637,ES1 3
2638,ES1 3
2640,ES1 3
2641,ES1 1
2643,ES1 3
2646,ES1 1
2647,ES1 1
2648,ES1 1
2649,ES1 1
2650,ES1 1
2652,ES1 1
2657,ES1 1
2659,ES1 1
2660,ES1 1
2661,ES1 1
2663,ES1 1
2665,ES1 1
2667,ES1 1
2673,ES1 1
2674,ES1 1
2677,ES1 1
2681,ES1 1
2682,ES1 1
2685,ES1 1
2689,ES1 1
2712,ES1 1
2714,ES1 1
2720,ES1 1
2725,ES1 1
2731,ES1 1
2732,ES1 1
2734,ES1 1
2738,ES1 1
2740,ES1 1
2742,ES1 1
2743,ES1 1
8362,ES1 0
2748,ES1 1
2750,ES1 1
2751,ES1 1
2753,ES1 1
2754,ES1 1
2756,ES1 1
2759,ES1 0
2763,ES1 0
2765,ES1 0
2770,ES1 0
2771,ES1 0
2772,ES1 0
2775,ES1 0
2776,ES1 0
2777,ES1 0
2781,ES1 0
2787,ES1 0
2789,ES1 0
2791,ES1 0
2793,ES1 3
2795,ES1 3
2796,ES1 3
2797,ES1 3
2798,ES1 3
2800,ES1 3
2802,ES1 3
2803,ES1 3
2804,ES1 3
2805,ES1 3
2808,ES1 3
2809,ES1 3
2810,ES1 3
2821,ES1 3
2822,ES1 3
2824,ES1 3
2826,ES1 3
2828,ES1 3
2830,ES1 3
2832,ES1 3
2833,ES1 3
2835,ES1 3
2838,ES1 3
2842,ES1 3
2844,ES1 3
2846,ES1 3
2852,ES1 3
2855,ES1 3
2856,ES1 3
2858,ES1 3
2859,ES1 3
2860,ES1 3
2861,ES1 3
2863,ES1 3
2864,ES1 3
2866,ES1 3
2867,ES1 3
2868,ES1 3
2870,ES1 3
2873,ES1 3
2875,ES1 3
2910,ES1 3
2912,ES1 3
2917,ES1 3
2920,ES1 3
2921,ES1 3
2924,ES1 3
2925,ES1 3
2928,ES1 3
2936,ES1 3
2942,ES1 3
2944,ES1 3
2947,ES1 3
2948,ES1 3
2951,ES1 3
2953,ES1 3
7227,ES1 1
7346,ES1 1
8666,ES1 0
8182,ES1 0
8478,ES1 1
8527,ES1 1
8759,ES1 1
8677,ES1 0
7850,ES1 1
8602,ES1 0
8753,ES1 0
8545,ES1 3
8359,ES1 1
7906,ES1 2
8858,ES1 1
7813,ES1 2
8475,ES1 2
7681,ES1 2
7134,ES1 1
7824,ES1 0
7116,ES1 0
7115,ES1 0
8248,ES1 3
7770,ES1 3
7831,ES1 1
8138,ES1 1
8157,ES1 1
7262,ES1 3
7910,ES1 2
7336,ES1 3
7215,ES1 2
8538,ES1 0
8340,ES1 3
7388,ES1 0
7714,ES1 1
8379,ES1 1
8716,ES1 3
7345,ES1 1
8183,ES1 0
7242,ES1 0
7241,ES1 0
7113,ES1 0
7112,ES1 0
7659,ES1 1
8176,ES1 3
7337,ES1 1
8626,ES1 2
8654,ES1 1
7108,ES1 1
8841,ES1 1
7220,ES1 0
7826,ES1 1
8437,ES1 0
7334,ES1 2
7308,ES1 0
8208,ES1 0
7216,ES1 0
7845,ES1 3
8370,ES1 2
8275,ES1 1
8373,ES1 1
8259,ES1 0
8467,ES1 0
8590,ES1 1
8805,ES1 3
7650,ES1 1
8498,ES1 1
7120,ES1 0
8458,ES1 2
7260,ES1 3
7678,ES1 2
7103,ES1 2
7102,ES1 2
7919,ES1 0
7170,ES1 2
8774,ES1 2
7916,ES1 2
8544,ES1 1
8844,ES1 2
7771,ES1 3
8516,ES1 3
8222,ES1 1
8156,ES1 2
7256,ES1 1
7817,ES1 2
8416,ES1 3
8519,ES1 0
7390,ES1 0
7389,ES1 0
7111,ES1 0
7110,ES1 0
8559,ES1 3
7842,ES1 1
8766,ES1 1
8820,ES1 2
7261,ES1 3
8453,ES1 1
8639,ES1 3
7122,ES1 3
7121,ES1 3
7109,ES1 1
7254,ES1 1
8603,ES1 1
7891,ES1 0
7821,ES1 2
8839,ES1 3
7705,ES1 0
7704,ES1 0
8137,ES1 3
7335,ES1 3
8158,ES1 3
7231,ES1 1
7230,ES1 1
7394,ES1 3
7838,ES1 0
8171,ES1 3
8286,ES1 0
7918,ES1 0
7701,ES1 0
8612,ES1 1
7848,ES1 3
7114,ES1 1
7700,ES1 3
7380,ES1 0
8589,ES1 1
8159,ES1 0
7682,ES1 1
7651,ES1 1
7310,ES1 0
7379,ES1 0
7248,ES1 1
8217,ES1 3
8816,ES1 3
7680,ES1 0
8434,ES1 2
8438,ES1 0
8387,ES1 2
7131,ES1 1
7685,ES1 0
7684,ES1 0
7243,ES1 0
8720,ES1 1
8327,ES1 0
7309,ES1 0
7924,ES1 0
7137,ES1 1
7136,ES1 1
8701,ES1 1
7742,ES1 0
7307,ES1 0
7843,ES1 1
7236,ES1 1
7129,ES1 3
7128,ES1 3
8229,ES1 0
8160,ES1 3
7255,ES1 1
8154,ES1 2
7245,ES1 1
7119,ES1 1
7224,ES1 2
8696,ES1 1
8826,ES1 2
8253,ES1 1
7922,ES1 0
8783,ES1 1
8571,ES1 0
8471,ES1 3
8656,ES1 0
7830,ES1 1
7829,ES1 2
7387,ES1 0
7386,ES1 0
7259,ES1 1
8186,ES1 3
7251,ES1 3
8390,ES1 2
7657,ES1 0
7225,ES1 1
7222,ES1 0
7816,ES1 2
8136,ES1 0
7338,ES1 3
8287,ES1 3
7391,ES1 1
8713,ES1 3
7219,ES1 2
7218,ES1 2
8792,ES1 0
8851,ES1 0
7921,ES1 0
7398,ES1 3
8353,ES1 1
7212,ES1 2
8319,ES1 1
7383,ES1 0
7382,ES1 0
8517,ES1 0
8419,ES1 3
7105,ES1 2
8423,ES1 1
8268,ES1 2
8729,ES1 0
7834,ES1 1
7717,ES1 1
8377,ES1 1
7229,ES1 1
7228,ES1 1
8214,ES1 2
7133,ES1 1
7132,ES1 1
8240,ES1 3
7095,ES1 1
7250,ES1 1
8269,ES1 1
8484,ES1 1
7707,ES1 3
7679,ES1 2
8491,ES1 3
8155,ES1 2
7138,ES1 1
7343,ES1 3
7211,ES1 2
7764,ES1 1
7381,ES1 0
7841,ES1 1
8464,ES1 1
8244,ES1 1
8224,ES1 1
8724,ES1 2
7819,ES1 2
7832,ES1 3
7926,ES1 0
7340,ES1 3
7339,ES1 3
7753,ES1 1
8800,ES1 1
7312,ES1 1
8801,ES1 0
7233,ES1 1
7683,ES1 1
8582,ES1 1
7925,ES1 0
7840,ES1 1
7716,ES1 0
7715,ES1 0
7752,ES1 0
7652,ES1 1
8131,ES1 1
8307,ES1 1
7234,ES1 1
8528,ES1 2
8185,ES1 1
7754,ES1 1
7654,ES1 3
8780,ES1 1
7849,ES1 3
7769,ES1 1
8456,ES1 2
7232,ES1 1
7385,ES1 0
7384,ES1 0
8819,ES1 1
8276,ES1 1
7851,ES1 3
8485,ES1 1
7828,ES1 1
8740,ES1 0
7844,ES1 1
7249,ES1 1
7247,ES1 0
7246,ES1 0
8636,ES1 0
8468,ES1 0
7823,ES1 0
7890,ES1 1
8354,ES1 1
8162,ES1 1
8260,ES1 0
8431,ES1 3
8680,ES1 3
7706,ES1 3
8688,ES1 2
7135,ES1 1
8630,ES1 3
8631,ES1 1
8355,ES1 2
8787,ES1 3
8811,ES1 3
8627,ES1 1
7835,ES1 0
8337,ES1 1
7378,ES1 2
7213,ES1 0
8852,ES1 1
7130,ES1 1
7093,ES1 0
7238,ES1 0
7237,ES1 0
8421,ES1 1
7104,ES1 2
8557,ES1 1
8329,ES1 2
7917,ES1 2
8228,ES1 0
7377,ES1 0
8609,ES1 0
8608,ES1 1
7127,ES1 1
7126,ES1 1
7392,ES1 0
7342,ES1 3
7341,ES1 3
7839,ES1 0
7686,ES1 3
7252,ES1 1
7815,ES1 2
7226,ES1 1
8322,ES1 1
7763,ES1 1
7393,ES1 1
8237,ES1 2
8628,ES1 2
8350,ES1 1
8733,ES1 2
8773,ES1 1
8477,ES1 1
8482,ES1 3
8703,ES1 1
8223,ES1 3
7088,ES1 1
8401,ES1 2
8161,ES1 1
8785,ES1 1
8435,ES1 1
7257,ES1 3
7117,ES1 0
8264,ES1 1
8676,ES1 2
8454,ES1 1
8466,ES1 3
8432,ES1 0
8597,ES1 2
7658,ES1 3
7118,ES1 1
7094,ES1 0
8576,ES1 2
7660,ES1 0
7833,ES1 1
8406,ES1 0
7101,ES1 2
7766,ES1 0
8621,ES1 3
7376,ES1 2
7751,ES1 2
7239,ES1 1
7125,ES1 0
7765,ES1 0
7755,ES1 1
8232,ES1 1
8732,ES1 0
7087,ES1 1
8135,ES1 1
7089,ES1 1
7837,ES1 0
7772,ES1 3
7214,ES1 0
8767,ES1 3
7762,ES1 2
7235,ES1 1
7822,ES1 0
7217,ES1 2
7653,ES1 1
8318,ES1 2
8741,ES1 1
8600,ES1 0
7244,ES1 0
7768,ES1 1
7767,ES1 1
8405,ES1 2
7124,ES1 3
7123,ES1 3
8361,ES1 3
7139,ES1 1
7344,ES1 1
7915,ES1 2
7311,ES1 0
8215,ES1 2
8549,ES1 2
8315,ES1 0
8130,ES1 1
7656,ES1 1
7827,ES1 0
8338,ES1 3
8439,ES1 3
8555,ES1 1
8524,ES1 0
8550,ES1 1
8648,ES1 0
7923,ES1 0
8281,ES1 2
8705,ES1 3
8451,ES1 1
7836,ES1 0
7920,ES1 2
7107,ES1 1
8383,ES1 2
8667,ES1 3
7221,ES1 0
8671,ES1 1
8132,ES1 1
8252,ES1 2
7253,ES1 1
7313,ES1 1
8133,ES1 3
8655,ES1 1
8508,ES1 0
7814,ES1 2
7825,ES1 0
7106,ES1 0
1418,ES4 0
1419,ES4 0
1422,ES4 0
1429,ES4 0
1431,ES4 0
6571,FI2 0
6545,FI2 0
6572,FI2 0
6546,FI2 0
6547,FI2 0
6548,FI2 0
6549,FI2 0
6550,FI2 0
6551,FI2 0
6552,FI2 0
6553,FI2 0
6554,FI2 0
6555,FI2 0
6556,FI2 0
6567,FI2 0
6569,FI2 0
6570,FI2 0
6573,FI2 0
6617,FI2 0
6618,FI2 0
6619,FI2 0
6621,FI2 0
6778,FI2 0
6779,FI2 0
6780,FI2 0
6781,FI2 0
6783,FI2 0
6785,FI2 0
6786,FI2 0
6787,FI2 0
6788,FI2 0
6789,FI2 0
6790,FI2 0
6810,FI2 0
6811,FI2 0
6910,FI2 0
6911,FI2 0
6912,FI2 0
6915,FI2 0
6917,FI2 0
6918,FI2 0
6920,FI2 0
6921,FI2 0
6923,FI2 0
6990,FI2 0
6993,FI2 0
6994,FI2 0
6995,FI2 0
7056,FI2 0
8332,FI2 0
8579,FI2 0
8474,FI2 0
8757,FI2 0
8494,FI2 0
8726,FR1 1
7708,FR1 7
8313,FR1 1
8386,FR1 7
8333,FR1 7
7979,FR1 1
8853,FR1 0
2296,FR1 7
2298,FR1 7
2299,FR1 7
2300,FR1 7
2301,FR1 7
2303,FR1 2
2305,FR1 2
2309,FR1 2
2310,FR1 7
2312,FR1 2
2313,FR1 2
2314,FR1 2
2318,FR1 2
2319,FR1 2
2323,FR1 7
2325,FR1 7
2326,FR1 7
2327,FR1 7
2329,FR1 2
2330,FR1 2
2342,FR1 7
2343,FR1 7
2387,FR1 5
2389,FR1 5
2390,FR1 5
2391,FR1 5
2396,FR1 5
2398,FR1 5
2399,FR1 5
2401,FR1 5
2402,FR1 5
2403,FR1 5
2409,FR1 3
2410,FR1 3
2411,FR1 3
2417,FR1 3
2419,FR1 5
2421,FR1 5
2422,FR1 5
2423,FR1 5
2424,FR1 3
2425,FR1 3
2430,FR1 3
2432,FR1 5
2469,FR1 5
2476,FR1 2
2502,FR1 3
2504,FR1 3
2505,FR1 3
2506,FR1 2
2507,FR1 2
2508,FR1 2
2509,FR1 3
2510,FR1 3
2511,FR1 3
2513,FR1 2
2514,FR1 2
2515,FR1 2
2517,FR1 2
2519,FR1 2
2520,FR1 2
2521,FR1 2
2522,FR1 2
2524,FR1 2
2525,FR1 2
2529,FR1 2
2530,FR1 2
2531,FR1 2
2533,FR1 2
2534,FR1 2
2535,FR1 2
2536,FR1 2
2537,FR1 2
2538,FR1 2
2540,FR1 7
2541,FR1 7
2543,FR1 2
2544,FR1 7
2545,FR1 2
2547,FR1 2
2549,FR1 2
2550,FR1 2
2551,FR1 2
2552,FR1 2
2553,FR1 2
2554,FR1 2
2556,FR1 2
7141,FR1 2
2558,FR1 2
2559,FR1 2
2561,FR1 2
2563,FR1 2
2564,FR1 2
2565,FR1 2
2566,FR1 2
2567,FR1 2
2568,FR1 2
2571,FR1 2
2572,FR1 2
2573,FR1 2
2574,FR1 2
2576,FR1 2
2577,FR1 2
2578,FR1 2
2579,FR1 2
2580,FR1 2
2692,FR1 5
2693,FR1 5
2694,FR1 5
2696,FR1 5
2697,FR1 5
2698,FR1 5
2700,FR1 5
2702,FR1 5
2704,FR1 5
2706,FR1 5
2707,FR1 5
2708,FR1 5
2711,FR1 5
2764,FR1 5
3540,FR1 0
3517,FR1 0
3521,FR1 0
3524,FR1 0
3525,FR1 0
3529,FR1 0
3530,FR1 0
3536,FR1 0
3537,FR1 0
3539,FR1 0
3542,FR1 0
3544,FR1 0
3546,FR1 0
3550,FR1 0
3552,FR1 0
3553,FR1 0
3555,FR1 0
3556,FR1 0
3558,FR1 0
3560,FR1 0
3561,FR1 0
3562,FR1 0
3563,FR1 0
3564,FR1 0
3577,FR1 0
3578,FR1 0
3580,FR1 0
3582,FR1 0
3585,FR1 0
3627,FR1 7
3630,FR1 7
3632,FR1 7
3638,FR1 7
3645,FR1 7
3652,FR1 7
3653,FR1 7
3655,FR1 7
3657,FR1 7
3658,FR1 7
3660,FR1 7
3662,FR1 7
3664,FR1 7
3665,FR1 7
3668,FR1 7
3670,FR1 7
3672,FR1 7
3678,FR1 7
3679,FR1 7
3680,FR1 7
3683,FR1 7
3684,FR1 7
3685,FR1 7
3686,FR1 7
3687,FR1 7
3689,FR1 7
3693,FR1 7
3931,FR1 1
3933,FR1 4
3938,FR1 4
3942,FR1 4
3944,FR1 1
3945,FR1 1
3946,FR1 1
3947,FR1 1
3951,FR1 1
3953,FR1 1
3954,FR1 1
3960,FR1 1
3966,FR1 1
3968,FR1 1
3969,FR1 1
3971,FR1 1
3974,FR1 1
3976,FR1 1
3978,FR1 1
3979,FR1 1
3983,FR1 1
3984,FR1 1
3987,FR1 1
3988,FR1 1
3992,FR1 1
3993,FR1 1
3994,FR1 4
3995,FR1 4
3996,FR1 4
3999,FR1 3
4001,FR1 5
4002,FR1 3
4005,FR1 3
4007,FR1 1
4008,FR1 3
4011,FR1 3
4013,FR1 3
4015,FR1 3
4017,FR1 3
4019,FR1 1
4020,FR1 1
4023,FR1 1
4026,FR1 1
4027,FR1 1
4029,FR1 1
4030,FR1 1
4034,FR1 1
4036,FR1 1
4040,FR1 1
4042,FR1 1
4043,FR1 1
4045,FR1 1
4046,FR1 1
4047,FR1 6
4049,FR1 0
4051,FR1 0
4055,FR1 0
4060,FR1 0
4061,FR1 0
4063,FR1 0
4064,FR1 0
4065,FR1 0
4066,FR1 3
4068,FR1 3
4069,FR1 3
4073,FR1 3
4075,FR1 3
4076,FR1 3
4077,FR1 3
4079,FR1 3
4080,FR1 3
4081,FR1 3
4086,FR1 3
4087,FR1 3
4089,FR1 3
4091,FR1 7
4094,FR1 7
4097,FR1 7
4099,FR1 7
4100,FR1 7
4102,FR1 7
4103,FR1 7
4108,FR1 7
4109,FR1 7
4110,FR1 7
4112,FR1 7
4113,FR1 7
4116,FR1 7
4117,FR1 7
4120,FR1 7
4121,FR1 7
4122,FR1 7
4123,FR1 7
4125,FR1 7
4126,FR1 7
4128,FR1 7
4129,FR1 7
4131,FR1 7
4133,FR1 7
4134,FR1 7
4135,FR1 7
4136,FR1 7
4137,FR1 7
4138,FR1 4
4139,FR1 4
4142,FR1 4
4144,FR1 4
4145,FR1 4
4146,FR1 4
4147,FR1 4
4150,FR1 4
4151,FR1 4
4152,FR1 4
4153,FR1 4
4155,FR1 4
4156,FR1 4
4157,FR1 4
4159,FR1 4
4161,FR1 4
4162,FR1 4
4166,FR1 4
4167,FR1 4
4168,FR1 4
4170,FR1 4
4172,FR1 4
4174,FR1 4
4175,FR1 4
4176,FR1 4
4178,FR1 4
4180,FR1 4
4181,FR1 4
4182,FR1 4
4184,FR1 4
4185,FR1 4
4186,FR1 4
4188,FR1 4
4189,FR1 4
4190,FR1 4
4192,FR1 4
4194,FR1 4
4196,FR1 4
4197,FR1 4
4198,FR1 4
4199,FR1 4
4201,FR1 4
4202,FR1 4
4205,FR1 4
4206,FR1 4
4208,FR1 4
4210,FR1 5
4213,FR1 5
4215,FR1 5
7859,FR1 1
7775,FR1 7
4805,FR1 0
4817,FR1 0
4819,FR1 0
4820,FR1 0
4821,FR1 0
4824,FR1 0
4839,FR1 0
4983,FR1 6
4985,FR1 6
4988,FR1 6
4989,FR1 6
4991,FR1 6
4992,FR1 6
4993,FR1 6
4996,FR1 1
4997,FR1 1
4999,FR1 1
5001,FR1 1
5003,FR1 1
5004,FR1 1
5006,FR1 1
5007,FR1 1
5009,FR1 1
5014,FR1 1
5015,FR1 1
5016,FR1 1
5017,FR1 1
5019,FR1 1
5020,FR1 6
5021,FR1 6
5024,FR1 1
5026,FR1 6
5027,FR1 6
5028,FR1 6
5030,FR1 6
5033,FR1 6
5034,FR1 6
5035,FR1 6
5036,FR1 1
5040,FR1 1
5042,FR1 1
5045,FR1 1
5046,FR1 6
5049,FR1 1
5050,FR1 1
5052,FR1 1
5054,FR1 1
5055,FR1 1
5056,FR1 1
5058,FR1 1
5128,FR1 6
5111,FR1 6
5112,FR1 6
5113,FR1 6
5114,FR1 6
5115,FR1 6
5117,FR1 6
5119,FR1 6
5120,FR1 6
5122,FR1 6
5124,FR1 6
5126,FR1 6
5127,FR1 6
5130,FR1 6
5132,FR1 6
5134,FR1 6
5137,FR1 6
5139,FR1 6
5140,FR1 6
5141,FR1 6
5143,FR1 1
5144,FR1 1
5147,FR1 6
5151,FR1 6
5160,FR1 6
5162,FR1 6
5170,FR1 6
5171,FR1 6
5174,FR1 6
5176,FR1 6
5179,FR1 0
5182,FR1 0
5277,FR1 4
5278,FR1 4
5279,FR1 4
5280,FR1 4
5281,FR1 4
5282,FR1 4
5284,FR1 4
7789,FR1 0
7788,FR1 0
8531,FR1 2
7399,FR1 5
7854,FR1 3
8815,FR1 3
8511,FR1 3
7037,FR1 1
7274,FR1 6
7268,FR1 4
7267,FR1 4
7349,FR1 1
7858,FR1 0
8738,FR1 5
7144,FR1 3
7273,FR1 6
8822,FR1 7
8413,FR1 0
7773,FR1 7
7143,FR1 2
7347,FR1 2
7783,FR1 4
8692,FR1 2
7718,FR1 0
7664,FR1 0
8574,FR1 7
8250,FR1 7
7857,FR1 1
8178,FR1 1
8177,FR1 7
7275,FR1 6
8605,FR1 2
8829,FR1 1
7269,FR1 0
7787,FR1 0
8756,FR1 1
7689,FR1 6
7152,FR1 6
7272,FR1 6
7400,FR1 1
8393,FR1 1
8497,FR1 7
7782,FR1 7
7149,FR1 1
7661,FR1 5
8717,FR1 6
7856,FR1 4
7855,FR1 4
8388,FR1 1
8238,FR1 6
8771,FR1 0
7687,FR1 4
8163,FR1 7
8429,FR1 2
7978,FR1 4
8246,FR1 4
7146,FR1 7
7930,FR1 0
7271,FR1 1
7662,FR1 5
7852,FR1 5
8662,FR1 0
8604,FR1 7
8144,FR1 6
8700,FR1 3
8769,FR1 1
7264,FR1 4
7665,FR1 1
8394,FR1 1
8141,FR1 7
7263,FR1 5
7929,FR1 1
7976,FR1 2
7862,FR1 1
8548,FR1 4
8644,FR1 1
8367,FR1 6
8509,FR1 2
7860,FR1 1
7969,FR1 3
8142,FR1 0
8742,FR1 2
8761,FR1 6
7778,FR1 7
8418,FR1 4
7785,FR1 0
8436,FR1 0
8247,FR1 2
8308,FR1 1
8447,FR1 1
7435,FR1 3
8461,FR1 4
8823,FR1 4
8743,FR1 0
7147,FR1 0
8566,FR1 0
8795,FR1 0
8824,FR1 7
8706,FR1 5
8642,FR1 7
8465,FR1 1
7907,FR1 2
8540,FR1 7
8139,FR1 5
8541,FR1 2
8762,FR1 2
8679,FR1 1
8213,FR1 3
8781,FR1 3
7688,FR1 4
7265,FR1 1
7266,FR1 0
8730,FR1 1
8321,FR1 1
7853,FR1 5
7444,FR1 1
7780,FR1 7
7151,FR1 6
7090,FR1 4
7784,FR1 0
8721,FR1 4
7270,FR1 4
7966,FR1 2
8601,FR1 1
8143,FR1 0
8294,FR1 4
8487,FR1 1
8776,FR1 1
7977,FR1 2
8289,FR1 2
7863,FR1 6
8288,FR1 2
7970,FR1 3
8326,FR1 0
7776,FR1 7
7861,FR1 4
8114,FR1 5
8164,FR1 0
8838,GB0 1
8013,GB0 3
8649,GB0 1
4950,GB0 2
4951,GB0 2
4952,GB0 2
4953,GB0 2
4955,GB0 2
4956,GB0 2
4958,GB0 2
4960,GB0 2
4961,GB0 2
4962,GB0 2
4963,GB0 2
4964,GB0 2
4965,GB0 2
4967,GB0 2
4968,GB0 2
4969,GB0 2
4970,GB0 2
4971,GB0 2
4972,GB0 2
4974,GB0 2
4975,GB0 2
4977,GB0 2
4979,GB0 2
5183,GB0 4
5185,GB0 4
5187,GB0 4
5188,GB0 4
5189,GB0 4
5190,GB0 4
5191,GB0 4
5192,GB0 4
5193,GB0 4
5194,GB0 4
5195,GB0 4
5198,GB0 4
5200,GB0 4
5202,GB0 4
5203,GB0 4
5204,GB0 4
5206,GB0 4
5207,GB0 4
5208,GB0 4
5209,GB0 4
5212,GB0 1
5213,GB0 1
5214,GB0 1
5215,GB0 4
5217,GB0 1
5218,GB0 1
5219,GB0 1
5221,GB0 1
5222,GB0 0
5223,GB0 0
5224,GB0 4
5225,GB0 4
5226,GB0 4
5228,GB0 4
5229,GB0 4
5230,GB0 2
5231,GB0 2
5233,GB0 2
5234,GB0 2
5236,GB0 2
5238,GB0 2
5240,GB0 2
5241,GB0 2
5242,GB0 2
5243,GB0 2
5245,GB0 2
5247,GB0 2
5248,GB0 2
5249,GB0 2
5250,GB0 2
5251,GB0 2
5252,GB0 2
5253,GB0 2
5254,GB0 2
5256,GB0 2
5257,GB0 2
5258,GB0 2
5259,GB0 2
5261,GB0 2
5262,GB0 2
5264,GB0 2
5265,GB0 2
5266,GB0 2
5268,GB0 2
5269,GB0 2
5270,GB0 2
5272,GB0 2
5273,GB0 2
5274,GB0 4
8397,GB0 4
8747,GB0 4
5955,GB0 0
5957,GB0 0
5959,GB0 0
5888,GB0 0
5889,GB0 2
5893,GB0 3
5896,GB0 3
5898,GB0 3
5901,GB0 3
5902,GB0 3
5904,GB0 3
5905,GB0 3
5910,GB0 3
5912,GB0 3
5913,GB0 3
5914,GB0 3
5917,GB0 3
5919,GB0 3
5920,GB0 3
5922,GB0 3
5924,GB0 1
5926,GB0 1
5927,GB0 1
5928,GB0 1
5929,GB0 1
5934,GB0 1
5939,GB0 1
5941,GB0 1
5942,GB0 1
5943,GB0 3
5944,GB0 3
5946,GB0 0
5949,GB0 0
5950,GB0 0
5951,GB0 0
5952,GB0 1
5953,GB0 0
5954,GB0 0
5960,GB0 0
5961,GB0 0
5962,GB0 0
5963,GB0 0
5966,GB0 0
5967,GB0 0
5968,GB0 1
5969,GB0 1
5971,GB0 1
5973,GB0 1
5974,GB0 1
5976,GB0 1
5978,GB0 1
5980,GB0 1
5981,GB0 1
5982,GB0 1
5983,GB0 1
5984,GB0 1
5986,GB0 0
5987,GB0 0
5988,GB0 0
5989,GB0 0
5990,GB0 0
5992,GB0 1
5993,GB0 0
5995,GB0 0
5996,GB0 0
5997,GB0 0
5998,GB0 0
5999,GB0 0
6001,GB0 1
6003,GB0 1
6004,GB0 1
6006,GB0 1
6007,GB0 0
6009,GB0 0
6010,GB0 0
6012,GB0 1
6013,GB0 1
6014,GB0 0
6016,GB0 0
6018,GB0 1
6019,GB0 0
6020,GB0 0
6021,GB0 0
6023,GB0 0
6025,GB0 0
6026,GB0 0
6028,GB0 0
6029,GB0 0
6030,GB0 0
6031,GB0 0
6032,GB0 0
6033,GB0 0
6035,GB0 0
6036,GB0 0
6037,GB0 0
6038,GB0 0
6039,GB0 0
6040,GB0 0
6041,GB0 0
6042,GB0 0
6043,GB0 0
6045,GB0 0
6046,GB0 0
6047,GB0 0
6048,GB0 0
6050,GB0 0
6051,GB0 0
8035,GB0 3
6437,GB0 3
6439,GB0 3
6440,GB0 3
6447,GB0 3
6448,GB0 3
6451,GB0 3
6453,GB0 3
6454,GB0 3
6455,GB0 3
6457,GB0 3
6458,GB0 3
6460,GB0 3
6462,GB0 3
6464,GB0 3
6466,GB0 3
6467,GB0 3
6468,GB0 3
6469,GB0 3
6471,GB0 3
6472,GB0 3
6474,GB0 3
6475,GB0 3
6477,GB0 3
6480,GB0 3
6482,GB0 3
6484,GB0 3
6485,GB0 3
6486,GB0 3
7412,GB0 1
7909,GB0 0
8473,GB0 2
8529,GB0 4
8515,GB0 4
7462,GB0 1
7461,GB0 1
8023,GB0 1
7361,GB0 2
8860,GB0 2
8029,GB0 0
7464,GB0 1
7463,GB0 1
8017,GB0 0
8189,GB0 4
8037,GB0 3
8015,GB0 3
7946,GB0 0
7286,GB0 2
8014,GB0 2
8290,GB0 4
7471,GB0 3
7945,GB0 4
8033,GB0 3
8565,GB0 3
8036,GB0 3
7454,GB0 2
8575,GB0 1
7466,GB0 1
7465,GB0 1
8030,GB0 2
8020,GB0 3
8489,GB0 3
8034,GB0 3
8026,GB0 1
7455,GB0 1
8022,GB0 1
8744,GB0 3
7457,GB0 1
7456,GB0 1
8032,GB0 3
8025,GB0 2
8024,GB0 2
8021,GB0 0
8578,GB0 2
7469,GB0 3
8027,GB0 1
8016,GB0 4
8019,GB0 3
7458,GB0 4
8283,GB0 0
8093,GB0 2
7908,GB0 1
6067,GB5 0
6068,GB5 0
6069,GB5 0
6070,GB5 0
6071,GB5 0
6072,GB5 0
6074,GB5 0
6075,GB5 0
6076,GB5 0
7800,GB5 0
7197,GB5 0
7672,GB5 0
8427,GB5 0
1208,GR1 0
1209,GR1 0
1212,GR1 0
1213,GR1 0
1215,GR1 0
1217,GR1 0
1218,GR1 0
1219,GR1 0
1221,GR1 0
1222,GR1 0
1224,GR1 0
1290,GR1 0
1291,GR1 0
1292,GR1 0
1293,GR1 0
1294,GR1 0
1295,GR1 0
1296,GR1 0
1297,GR1 0
1298,GR1 0
1299,GR1 0
8173,GR1 0
8446,GR1 0
8808,GR1 0
8449,GR1 0
7885,GR1 0
7954,GR1 0
2266,HR1 0
2267,HR1 0
2270,HR1 0
2277,HR1 0
3310,HR1 0
3318,HR1 0
3319,HR1 0
3497,HR1 0
3502,HR1 0
3513,HR1 0
3514,HR1 0
3515,HR1 0
3516,HR1 0
8530,HR1 0
3256,HU1 0
3285,HU1 0
3287,HU1 0
3296,HU1 0
3298,HU1 0
3300,HU1 0
3302,HU1 0
3304,HU1 0
3305,HU1 0
3307,HU1 0
3308,HU1 0
3309,HU1 0
3313,HU1 0
3315,HU1 0
3330,HU1 0
3333,HU1 0
3335,HU1 0
3348,HU1 0
3360,HU1 0
3481,HU1 0
8179,HU1 0
8462,HU1 0
7690,HU1 0
8659,HU1 0
7453,HU1 0
8090,HU1 0
7401,HU1 0
8809,HU1 0
5285,IE5 0
5286,IE5 0
5287,IE5 0
5288,IE5 0
5289,IE5 0
5290,IE5 0
5291,IE5 0
5292,IE5 0
5293,IE5 0
5294,IE5 0
5295,IE5 0
6055,IE5 0
6056,IE5 0
6057,IE5 0
6058,IE5 0
6059,IE5 0
6060,IE5 0
6061,IE5 0
6077,IE5 0
6080,IE5 0
6081,IE5 0
6082,IE5 0
6083,IE5 0
6086,IE5 0
6087,IE5 0
6088,IE5 0
6089,IE5 0
6091,IE5 0
6092,IE5 0
6093,IE5 0
6094,IE5 0
6095,IE5 0
6096,IE5 0
6097,IE5 0
6099,IE5 0
7034,IE5 0
8165,IE5 0
7276,IE5 0
8472,IE5 0
7691,IE5 0
7157,IT1 4
1316,IT1 2
1317,IT1 0
8699,IT1 4
1318,IT1 0
1337,IT1 3
1338,IT1 3
1311,IT1 2
1312,IT1 2
1313,IT1 2
1315,IT1 2
1269,IT1 0
1272,IT1 0
1275,IT1 0
1278,IT1 0
1280,IT1 0
1301,IT1 3
1302,IT1 3
1303,IT1 3
1305,IT1 3
1306,IT1 3
1308,IT1 3
1320,IT1 0
1323,IT1 0
1324,IT1 0
1326,IT1 0
1327,IT1 0
1328,IT1 0
1329,IT1 0
1330,IT1 0
1331,IT1 3
1332,IT1 3
1334,IT1 3
1336,IT1 3
1339,IT1 3
1341,IT1 3
1344,IT1 0
1345,IT1 3
1346,IT1 3
1347,IT1 0
2215,IT1 4
2216,IT1 4
2218,IT1 4
2220,IT1 4
2221,IT1 4
2224,IT1 4
2225,IT1 4
2227,IT1 4
2229,IT1 4
2231,IT1 4
2233,IT1 2
2235,IT1 2
2236,IT1 2
2239,IT1 2
2242,IT1 2
2244,IT1 2
2245,IT1 2
2247,IT1 2
2249,IT1 2
2251,IT1 2
2253,IT1 2
2255,IT1 2
2256,IT1 2
2258,IT1 2
2259,IT1 2
2260,IT1 2
2261,IT1 2
2262,IT1 2
2264,IT1 2
2265,IT1 2
2282,IT1 2
2284,IT1 2
2285,IT1 2
2286,IT1 2
2287,IT1 2
2289,IT1 0
2290,IT1 0
2293,IT1 0
2294,IT1 0
2295,IT1 0
2332,IT1 1
2335,IT1 1
2337,IT1 1
2338,IT1 1
2340,IT1 1
2347,IT1 1
2348,IT1 1
2349,IT1 1
2350,IT1 1
2353,IT1 1
2354,IT1 1
2355,IT1 1
2357,IT1 1
2359,IT1 1
2360,IT1 1
2362,IT1 1
2363,IT1 1
2364,IT1 1
2365,IT1 4
2366,IT1 1
2367,IT1 4
2368,IT1 4
2369,IT1 4
2370,IT1 4
2371,IT1 4
2373,IT1 4
2375,IT1 4
2376,IT1 4
2377,IT1 4
2383,IT1 4
2385,IT1 4
3413,IT1 4
3414,IT1 4
3415,IT1 4
3416,IT1 4
3418,IT1 4
3419,IT1 4
3420,IT1 4
3422,IT1 4
3424,IT1 4
3425,IT1 4
3427,IT1 4
3428,IT1 4
3429,IT1 4
3431,IT1 4
3433,IT1 4
3436,IT1 4
3437,IT1 4
3438,IT1 4
3442,IT1 4
3443,IT1 4
3444,IT1 4
3446,IT1 4
3447,IT1 4
3450,IT1 4
3451,IT1 4
3694,IT1 1
3724,IT1 1
3725,IT1 1
3726,IT1 1
3728,IT1 1
3729,IT1 1
3731,IT1 1
3732,IT1 1
3734,IT1 1
3735,IT1 1
3737,IT1 1
3738,IT1 1
3739,IT1 1
3861,IT1 1
3862,IT1 1
3863,IT1 1
3864,IT1 1
3870,IT1 1
3871,IT1 1
3872,IT1 1
3874,IT1 1
3877,IT1 1
3878,IT1 1
3879,IT1 1
3880,IT1 1
3881,IT1 1
3883,IT1 1
3884,IT1 1
3885,IT1 1
3888,IT1 1
3889,IT1 1
3890,IT1 1
3891,IT1 1
3897,IT1 1
3900,IT1 4
3902,IT1 4
3905,IT1 4
3906,IT1 4
3907,IT1 4
3910,IT1 1
3911,IT1 1
3912,IT1 1
3913,IT1 1
3914,IT1 1
3916,IT1 4
3917,IT1 4
3919,IT1 4
3920,IT1 4
3921,IT1 4
3923,IT1 4
3924,IT1 4
3925,IT1 4
3927,IT1 4
3929,IT1 4
7865,IT1 1
8385,IT1 4
7351,IT1 4
7350,IT1 4
8810,IT1 3
7692,IT1 1
8711,IT1 2
8837,IT1 4
8561,IT1 1
8533,IT1 2
8364,IT1 1
8514,IT1 0
8486,IT1 2
8234,IT1 2
8345,IT1 2
7404,IT1 1
8614,IT1 4
8280,IT1 0
8266,IT1 4
8629,IT1 1
7154,IT1 1
7153,IT1 1
7402,IT1 4
8768,IT1 1
7405,IT1 4
8539,IT1 4
7668,IT1 1
7156,IT1 1
7155,IT1 1
8560,IT1 4
7864,IT1 4
7931,IT1 2
7403,IT1 4
7886,IT1 2
8617,IT1 4
8859,IT1 4
8772,IT1 4
8304,IT1 2
8365,IT1 1
8646,IT1 2
8278,IT1 1
8543,IT1 4
8450,IT1 1
8650,IT1 1
8476,IT1 4
8395,IT1 2
7932,IT1 1
7710,IT1 2
7709,IT1 2
7477,IT1 1
7719,IT1 1
1349,IT3 0
1377,IT3 0
1383,IT3 0
1384,IT3 0
1388,IT3 0
8592,IT3 0
8586,IT3 0
8352,IT3 0
5537,LT6 0
5540,LT6 0
5541,LT6 0
5543,LT6 0
5545,LT6 0
5546,LT6 0
5547,LT6 0
5557,LT6 0
5561,LT6 0
5566,LT6 0
5601,LT6 0
5602,LT6 0
5603,LT6 0
5604,LT6 0
5605,LT6 0
5607,LT6 0
5609,LT6 0
5611,LT6 0
6277,LT6 0
6278,LT6 0
6303,LT6 0
6304,LT6 0
8789,LT6 0
7639,LT6 0
4792,LU1 0
4794,LU1 0
4804,LU1 0
4806,LU1 0
4807,LU1 0
4808,LU1 0
4809,LU1 0
4810,LU1 0
4811,LU1 0
4812,LU1 0
4813,LU1 0
4815,LU1 0
8043,LU1 0
6274,LV6 0
6275,LV6 0
6276,LV6 0
6279,LV6 0
6280,LV6 0
6281,LV6 0
6282,LV6 0
6283,LV6 0
6284,LV6 0
6285,LV6 0
6289,LV6 0
6296,LV6 0
6301,LV6 0
6302,LV6 0
7883,LV6 0
2127,ME1 0
2143,ME1 0
2144,ME1 0
2149,ME1 0
2150,ME1 0
2151,ME1 0
2152,ME1 0
2183,ME1 0
7029,ME1 0
7038,ME1 0
2201,MK1 0
2205,MK1 0
2210,MK1 0
2211,MK1 0
2212,MK1 0
2213,MK1 0
4679,NL1 0
4680,NL1 0
4681,NL1 0
4683,NL1 0
4687,NL1 0
5061,NL1 0
5062,NL1 0
5086,NL1 0
5087,NL1 0
5088,NL1 0
5089,NL1 0
5090,NL1 0
5091,NL1 0
5092,NL1 0
5093,NL1 0
5094,NL1 0
5095,NL1 0
5105,NL1 0
5106,NL1 0
5749,NL1 0
5751,NL1 0
5753,NL1 0
5754,NL1 0
5755,NL1 0
5756,NL1 0
5758,NL1 0
5759,NL1 0
5760,NL1 0
5762,NL1 0
5763,NL1 0
5765,NL1 0
5767,NL1 0
5890,NL1 0
5891,NL1 0
8622,NO2 0
6356,NO2 0
6358,NO2 0
6360,NO2 0
6363,NO2 0
6365,NO2 0
6373,NO2 0
6626,NO2 0
6629,NO2 0
6647,NO2 0
6648,NO2 0
6649,NO2 0
6650,NO2 0
6652,NO2 0
6653,NO2 0
6654,NO2 0
6656,NO2 0
6661,NO2 0
6663,NO2 0
6665,NO2 0
6668,NO2 0
6669,NO2 0
6673,NO2 0
6674,NO2 0
6676,NO2 0
6678,NO2 0
6682,NO2 0
6683,NO2 0
6687,NO2 0
6690,NO2 0
6691,NO2 0
6693,NO2 0
6695,NO2 0
6698,NO2 0
6699,NO2 0
6703,NO2 0
6704,NO2 0
6705,NO2 0
6706,NO2 0
6707,NO2 0
6709,NO2 0
6710,NO2 0
6711,NO2 0
6712,NO2 0
6714,NO2 0
6715,NO2 0
6716,NO2 0
6718,NO2 0
6719,NO2 0
6720,NO2 0
6721,NO2 0
6722,NO2 0
6723,NO2 0
6724,NO2 0
6725,NO2 0
6727,NO2 0
6728,NO2 0
6730,NO2 0
6731,NO2 0
6732,NO2 0
6734,NO2 0
6736,NO2 0
6737,NO2 0
6738,NO2 0
6740,NO2 0
6742,NO2 0
6743,NO2 0
6745,NO2 0
6746,NO2 0
6747,NO2 0
6748,NO2 0
6749,NO2 0
6751,NO2 0
6752,NO2 0
6812,NO2 0
6814,NO2 0
6873,NO2 0
6856,NO2 0
6857,NO2 0
6860,NO2 0
6861,NO2 0
6862,NO2 0
6863,NO2 0
6864,NO2 0
6866,NO2 0
6867,NO2 0
6869,NO2 0
6871,NO2 0
6874,NO2 0
6936,NO2 0
6937,NO2 0
6938,NO2 0
6940,NO2 0
6942,NO2 0
6944,NO2 0
6996,NO2 0
7006,NO2 0
7007,NO2 0
7008,NO2 0
7061,NO2 0
8448,NO2 0
8460,NO2 0
7887,NO2 0
8611,NO2 0
4393,PL1 0
4394,PL1 0
4396,PL1 0
4406,PL1 0
4444,PL1 1
4446,PL1 1
4447,PL1 1
4448,PL1 1
4449,PL1 1
4450,PL1 1
4451,PL1 1
4452,PL1 1
4453,PL1 0
4454,PL1 0
4455,PL1 0
4457,PL1 0
4458,PL1 0
4461,PL1 0
4465,PL1 0
4468,PL1 1
4473,PL1 0
4474,PL1 0
4477,PL1 0
4478,PL1 0
4480,PL1 0
4481,PL1 0
4482,PL1 0
4484,PL1 0
4485,PL1 0
4486,PL1 0
4487,PL1 0
4488,PL1 0
4490,PL1 0
4492,PL1 0
4495,PL1 0
4496,PL1 0
4504,PL1 0
4507,PL1 0
4509,PL1 0
4510,PL1 0
4512,PL1 0
4516,PL1 0
4517,PL1 0
4518,PL1 0
4519,PL1 0
4521,PL1 0
4522,PL1 0
4524,PL1 0
4525,PL1 0
4526,PL1 0
4527,PL1 0
4530,PL1 0
4532,PL1 0
4534,PL1 0
4538,PL1 0
4539,PL1 0
4540,PL1 0
4541,PL1 0
4546,PL1 0
4632,PL1 1
4636,PL1 1
4638,PL1 1
4641,PL1 1
4642,PL1 1
4643,PL1 1
4645,PL1 1
4670,PL1 1
4671,PL1 1
7744,PL1 0
5552,PL1 0
5588,PL1 1
5589,PL1 1
5590,PL1 1
5591,PL1 1
5592,PL1 1
5593,PL1 1
5595,PL1 1
5596,PL1 1
5598,PL1 1
5599,PL1 1
5600,PL1 1
5612,PL1 1
5614,PL1 0
5616,PL1 0
5618,PL1 0
5619,PL1 0
5620,PL1 0
7937,PL1 0
5717,PL1 1
5718,PL1 1
5719,PL1 1
5724,PL1 1
5726,PL1 1
5727,PL1 1
5728,PL1 1
5730,PL1 1
5731,PL1 1
5733,PL1 1
5735,PL1 1
8564,PL1 0
7933,PL1 0
7160,PL1 0
7159,PL1 0
8563,PL1 1
8210,PL1 0
7936,PL1 0
7720,PL1 0
8125,PL1 1
7278,PL1 0
8000,PL1 1
8285,PL1 0
8584,PL1 1
7608,PL1 0
8119,PL1 0
8684,PL1 1
7637,PL1 0
8455,PL1 0
8118,PL1 0
7314,PL1 1
8404,PL1 0
7934,PL1 1
8784,PL1 0
7868,PL1 1
8797,PL1 1
8180,PL1 0
8005,PL1 0
8670,PL1 0
8263,PL1 0
7158,PL1 0
7612,PL1 0
7280,PL1 0
8006,PL1 1
7935,PL1 0
7867,PL1 0
7162,PL1 0
7161,PL1 0
8554,PL1 0
7279,PL1 0
7406,PL1 0
7669,PL1 1
7407,PL1 0
7792,PL1 0
7894,PL1 1
7638,PL1 0
7277,PL1 0
8187,PL1 0
7793,PL1 0
7791,PL1 0
8369,PL1 0
8686,PL1 0
8638,PL1 0
7893,PL1 1
8572,PL1 0
7892,PL1 0
7866,PL1 0
8274,PL1 0
8219,PL1 0
7884,PL1 0
8827,PT1 0
8092,PT1 0
8091,PT1 0
1692,PT1 0
1694,PT1 0
1695,PT1 0
1696,PT1 0
1698,PT1 0
1699,PT1 0
1702,PT1 0
1703,PT1 0
1707,PT1 0
1709,PT1 0
1712,PT1 0
1713,PT1 0
1715,PT1 0
1717,PT1 0
1718,PT1 0
1723,PT1 0
1724,PT1 0
1725,PT1 0
1727,PT1 0
1728,PT1 0
1729,PT1 0
1731,PT1 0
1733,PT1 0
1735,PT1 0
1736,PT1 0
1741,PT1 0
1750,PT1 0
1753,PT1 0
1756,PT1 0
1757,PT1 0
1759,PT1 0
1781,PT1 0
1782,PT1 0
1785,PT1 0
1787,PT1 0
7431,PT1 0
2811,PT1 0
2813,PT1 0
2814,PT1 0
2815,PT1 0
2819,PT1 0
2820,PT1 0
2878,PT1 0
2880,PT1 0
2884,PT1 0
2885,PT1 0
2887,PT1 0
2888,PT1 0
2890,PT1 0
2891,PT1 0
2894,PT1 0
2897,PT1 0
2899,PT1 0
2906,PT1 0
2933,PT1 0
2935,PT1 0
2938,PT1 0
2940,PT1 0
7163,PT1 0
7414,PT1 0
7413,PT1 0
7694,PT1 0
8166,PT1 0
7693,PT1 0
7171,PT1 0
7995,PT1 0
8089,PT1 0
7615,PT1 0
7614,PT1 0
8188,PT1 0
7797,PT1 0
8594,PT1 0
8483,PT1 0
7938,PT1 0
7409,PT1 0
7996,PT1 0
7721,PT1 0
7950,PT1 0
7183,PT1 0
7182,PT1 0
7355,PT1 0
8167,PT1 0
7722,PT1 0
8349,PT1 0
7410,PT1 0
7695,PT1 0
7166,PT1 0
7173,PT1 0
7172,PT1 0
7439,PT1 0
7873,PT1 0
7618,PT1 0
8261,PT1 0
7411,PT1 0
7167,PT1 0
8672,PT1 0
7168,PT1 0
7939,PT1 0
7620,PT1 0
7619,PT1 0
7696,PT1 0
7357,PT1 0
7169,PT1 0
7358,PT1 0
7281,PT1 0
7438,PT1 0
7356,PT1 0
7165,PT1 0
7617,PT1 0
7616,PT1 0
7181,PT1 0
7795,PT1 0
8088,PT1 0
7164,PT1 0
7622,PT1 0
7621,PT1 0
7288,PT1 0
7287,PT1 0
7185,PT1 0
7408,PT1 0
7179,PT1 0
8734,PT1 0
7282,PT1 0
7674,PT1 0
7186,PT1 0
7284,PT1 0
7175,PT1 0
7174,PT1 0
7940,PT1 0
7178,PT1 0
7794,PT1 0
7354,PT1 0
7869,PT1 0
7870,PT1 0
7441,PT1 0
8095,PT1 0
8145,PT1 0
7177,PT1 0
7176,PT1 0
1944,RO1 0
1946,RO1 0
1950,RO1 0
1952,RO1 0
1982,RO1 0
1983,RO1 0
1985,RO1 0
1986,RO1 0
1988,RO1 0
1995,RO1 0
1996,RO1 0
1998,RO1 0
2000,RO1 0
2003,RO1 0
2007,RO1 0
2038,RO1 0
2041,RO1 0
2043,RO1 0
2047,RO1 0
2049,RO1 0
2050,RO1 0
2054,RO1 0
2055,RO1 0
2057,RO1 0
3155,RO1 0
3160,RO1 0
3194,RO1 0
3195,RO1 0
3196,RO1 0
3201,RO1 0
3203,RO1 0
3204,RO1 0
3205,RO1 0
3206,RO1 0
3208,RO1 0
3210,RO1 0
3214,RO1 0
3216,RO1 0
3218,RO1 0
3220,RO1 0
3221,RO1 0
3223,RO1 0
3228,RO1 0
3233,RO1 0
3247,RO1 0
3250,RO1 0
3251,RO1 0
3252,RO1 0
3253,RO1 0
3254,RO1 0
3255,RO1 0
3257,RO1 0
3259,RO1 0
3261,RO1 0
3263,RO1 0
3265,RO1 0
3269,RO1 0
3346,RO1 0
3357,RO1 0
3362,RO1 0
3363,RO1 0
3365,RO1 0
3366,RO1 0
3368,RO1 0
7042,RO1 0
7070,RO1 0
7187,RO1 0
7911,RO1 0
7899,RO1 0
8104,RO1 0
8843,RO1 0
7627,RO1 0
8209,RO1 0
2115,RS1 0
2119,RS1 0
2123,RS1 0
2158,RS1 0
2159,RS1 0
2161,RS1 0
2163,RS1 0
2164,RS1 0
2165,RS1 0
2167,RS1 0
2169,RS1 0
2170,RS1 0
2171,RS1 0
2173,RS1 0
2174,RS1 0
2175,RS1 0
2176,RS1 0
2177,RS1 0
2178,RS1 0
2179,RS1 0
2182,RS1 0
2187,RS1 0
2188,RS1 0
2189,RS1 0
2202,RS1 0
2204,RS1 0
2206,RS1 0
2208,RS1 0
3351,RS1 0
3352,RS1 0
3354,RS1 0
3358,RS1 0
3359,RS1 0
7058,RS1 0
7064,RS1 0
7067,RS1 0
7068,RS1 0
7202,RS1 0
8775,SE2 0
5671,SE2 0
6305,SE2 0
6306,SE2 0
6307,SE2 0
6309,SE2 0
6311,SE2 0
6312,SE2 0
6313,SE2 0
6314,SE2 0
6315,SE2 0
6316,SE2 0
6335,SE2 0
6337,SE2 0
6338,SE2 0
6341,SE2 0
6342,SE2 0
6343,SE2 0
6345,SE2 0
6346,SE2 0
6348,SE2 0
6349,SE2 0
6350,SE2 0
6351,SE2 0
6354,SE2 0
6580,SE2 0
6581,SE2 0
6583,SE2 0
6584,SE2 0
6585,SE2 0
6586,SE2 0
6588,SE2 0
6589,SE2 0
6591,SE2 0
6594,SE2 0
6595,SE2 0
6597,SE2 0
6599,SE2 0
6600,SE2 0
6602,SE2 0
6603,SE2 0
6605,SE2 0
6606,SE2 0
6608,SE2 0
6610,SE2 0
6613,SE2 0
6630,SE2 0
6631,SE2 0
6633,SE2 0
6634,SE2 0
6636,SE2 0
6637,SE2 0
6639,SE2 0
6641,SE2 0
6642,SE2 0
6643,SE2 0
6644,SE2 0
6646,SE2 0
6794,SE2 0
6796,SE2 0
6800,SE2 0
6802,SE2 0
6803,SE2 0
6805,SE2 0
6806,SE2 0
6808,SE2 0
6809,SE2 0
6815,SE2 0
6820,SE2 0
6821,SE2 0
6828,SE2 0
6830,SE2 0
6832,SE2 0
6833,SE2 0
6837,SE2 0
6838,SE2 0
6839,SE2 0
6841,SE2 0
6843,SE2 0
6844,SE2 0
6845,SE2 0
6847,SE2 0
6848,SE2 0
6849,SE2 0
6851,SE2 0
6852,SE2 0
6853,SE2 0
6854,SE2 0
6907,SE2 0
6926,SE2 0
6929,SE2 0
6930,SE2 0
6931,SE2 0
6932,SE2 0
6933,SE2 0
6946,SE2 0
7000,SE2 0
7002,SE2 0
7003,SE2 0
7004,SE2 0
7005,SE2 0
7062,SE2 0
8619,SE2 0
8426,SE2 0
8323,SE2 0
8830,SE2 0
8861,SE2 0
8420,SE2 0
8750,SE2 0
8344,SE2 0
8271,SE2 0
8284,SE2 0
8697,SE2 0
7799,SE2 0
8790,SE2 0
8643,SE2 0
8459,SE2 0
8245,SE2 0
8668,SE2 0
8712,SE2 0
8777,SE2 0
8402,SE2 0
8840,SE2 0
8751,SE2 0
8682,SE2 0
8256,SE2 0
8257,SE2 0
8746,SE2 0
8239,SE2 0
8535,SE2 0
8845,SE2 0
8812,SE2 0
8258,SE2 0
8570,SE2 0
8606,SE2 0
8693,SE2 0
8613,SE2 0
8804,SE2 0
3448,SI1 0
3453,SI1 0
3487,SI1 0
3489,SI1 0
3494,SI1 0
3507,SI1 0
3511,SI1 0
7285,SI1 0
3273,SK1 0
3275,SK1 0
3276,SK1 0
3279,SK1 0
3283,SK1 0
3288,SK1 0
3289,SK1 0
3292,SK1 0
3293,SK1 0
3294,SK1 0
3324,SK1 0
3325,SK1 0
3341,SK1 0
4501,SK1 0
4503,SK1 0
4506,SK1 0
4536,SK1 0
4545,SK1 0
8341,SK1 0
7942,SK1 0
8615,SK1 0
8690,SK1 0
8856,SK1 0
8591,SK1 0
7941,SK1 0
8440,SK1 0
8415,SK1 0
